UserId,369,481,640,650,673,737,748,749,824,841,888,897,913,920,928,937,947,975,1133,1137,1166,1171,1220,1225,1238,1278,1280,1297
16,0.0,5,5.0,0.0,0,0,5.0,0.0,5,5,0,0,0,0,0,0,0,0,0,0,0.0,0.0,0,0,0.0,0,0,0.0
183,0.0,5,4.0,0.0,0,0,5.0,0.0,0,0,0,0,0,0,0,0,0,0,0,0,0.0,0.0,0,0,0.0,0,0,0.0
228,0.0,0,0.0,0.0,0,5,4.0,4.0,0,0,0,0,0,0,0,0,0,0,0,0,0.0,0.0,0,0,0.0,0,0,0.0
266,0.0,0,4.0,0.0,0,0,4.5,4.0,0,4,0,0,0,0,0,0,0,0,0,0,0.0,0.0,0,0,0.0,0,0,0.0
339,3.0,0,0.0,0.0,5,0,0.0,3.0,0,0,0,0,0,0,0,0,0,0,0,0,0.0,0.0,0,0,0.0,0,0,0.0
386,0.0,0,4.0,5.0,0,0,3.0,0.0,0,0,0,0,0,0,0,0,0,0,0,0,0.0,0.0,0,0,0.0,0,0,0.0
399,0.0,0,4.0,0.0,0,0,5.0,0.0,0,0,0,0,0,0,0,0,0,0,0,0,0.0,0.0,0,0,0.0,0,0,0.0
408,0.0,0,5.0,5.0,0,0,5.0,4.0,0,0,0,0,0,0,0,0,0,0,0,0,0.0,0.0,0,0,0.0,0,0,0.0
568,0.0,0,3.5,0.0,0,0,0.0,0.0,5,0,0,0,0,0,0,0,0,0,0,0,0.0,0.0,0,0,0.0,0,0,0.0
761,0.0,5,4.0,0.0,0,4,5.0,0.0,5,0,0,0,0,0,0,0,0,0,0,0,0.0,0.0,0,0,0.0,0,0,0.0
842,0.0,0,4.0,0.0,3,0,4.0,0.0,0,0,0,0,0,0,0,0,0,0,0,0,0.0,0.0,0,0,0.0,0,0,0.0
1088,4.0,0,4.333333333333333,0.0,3,0,0.0,0.0,5,5,0,0,0,0,0,0,0,0,0,0,0.0,0.0,0,0,0.0,0,0,0.0
1459,0.0,0,4.0,0.0,0,0,5.0,0.0,0,0,0,0,0,0,0,0,0,0,0,0,0.0,0.0,0,0,0.0,0,0,0.0
1497,0.0,5,0.0,0.0,0,0,0.0,4.0,0,0,0,0,0,0,0,0,0,0,0,0,0.0,0.0,0,0,0.0,0,0,0.0
1511,0.0,0,5.0,0.0,0,0,5.0,5.0,5,0,0,0,0,0,0,0,0,0,0,0,0.0,0.0,0,0,0.0,0,0,0.0
1684,0.0,4,4.0,0.0,0,0,0.0,0.0,0,0,0,0,0,0,0,0,0,0,0,0,0.0,0.0,0,0,0.0,0,0,0.0
1698,0.0,0,4.0,0.0,0,5,0.0,0.0,3,0,0,0,0,0,0,0,0,0,0,0,0.0,0.0,0,0,0.0,0,0,0.0
1810,0.0,0,5.0,0.0,5,0,0.0,0.0,4,0,0,0,0,0,0,0,0,0,0,0,0.0,0.0,0,0,0.0,0,0,0.0
1827,0.0,0,4.0,0.0,0,0,0.0,0.0,0,0,0,0,0,0,0,0,0,0,0,0,0.0,0.0,0,0,0.0,0,0,0.0
2324,0.0,0,4.0,0.0,0,0,0.0,0.0,0,0,0,0,0,0,0,0,0,0,0,0,0.0,0.0,0,0,0.0,0,0,0.0
2422,0.0,0,4.0,0.0,0,0,4.0,0.0,0,0,0,0,0,0,0,0,0,0,0,0,0.0,0.0,0,0,0.0,0,0,0.0
2438,3.0,0,3.0,0.0,3,4,3.0,0.0,0,0,0,0,0,0,0,0,0,0,0,0,0.0,0.0,0,0,0.0,0,0,0.0
2634,0.0,3,5.0,0.0,0,0,4.0,0.0,0,0,0,0,0,0,0,0,0,0,0,0,0.0,0.0,0,0,0.0,0,0,0.0
2868,0.0,0,4.0,0.0,0,4,5.0,4.0,0,0,0,0,0,0,0,0,0,0,0,0,0.0,0.0,0,0,0.0,0,0,0.0
2928,0.0,0,4.0,0.0,0,0,4.0,3.0,0,0,0,0,0,0,0,0,0,0,0,0,0.0,0.0,0,0,0.0,0,0,0.0
3035,0.0,1,4.0,4.0,3,0,4.0,0.0,0,0,0,0,0,0,0,0,0,0,0,0,0.0,0.0,0,0,0.0,0,0,0.0
3150,0.0,0,3.0,0.0,0,0,0.0,4.0,0,0,0,0,0,0,0,0,0,0,0,0,0.0,0.0,0,0,0.0,0,0,0.0
3487,0.0,0,5.0,0.0,4,3,4.0,4.0,0,0,0,0,0,0,0,0,0,0,0,0,0.0,0.0,0,0,0.0,0,0,0.0
3552,0.0,0,0.0,0.0,0,4,5.0,0.0,0,5,0,0,0,0,0,0,0,0,0,0,0.0,0.0,0,0,0.0,0,0,0.0
3802,0.0,0,4.0,0.0,0,0,5.0,0.0,0,0,0,0,0,0,0,0,0,0,0,0,0.0,0.0,0,0,0.0,0,0,0.0
3832,0.0,0,4.0,0.0,0,0,4.0,0.0,0,0,0,0,0,0,0,0,0,0,0,0,0.0,0.0,0,0,0.0,0,0,0.0
3928,0.0,0,0.0,0.0,0,5,5.0,4.0,0,0,0,0,0,0,0,0,0,0,0,0,0.0,0.0,0,0,0.0,0,0,0.0
3963,5.0,0,4.0,0.0,0,4,0.0,0.0,0,0,0,0,0,0,0,0,0,0,0,0,0.0,0.0,0,0,0.0,0,0,0.0
4034,0.0,0,0.0,0.0,5,0,0.0,0.0,0,0,0,0,0,0,0,0,0,0,0,0,0.0,0.0,0,0,0.0,0,0,0.0
4051,4.0,0,5.0,0.0,0,0,5.0,0.0,0,5,0,0,0,0,0,0,0,0,0,0,0.0,0.0,0,0,0.0,0,0,0.0
4491,0.0,0,4.0,0.0,0,0,5.0,3.0,0,0,0,0,0,0,0,0,0,0,0,0,0.0,0.0,0,0,0.0,0,0,0.0
4627,2.0,0,5.0,0.0,0,0,1.0,0.0,0,0,0,0,0,0,0,0,0,0,0,0,0.0,0.0,0,0,0.0,0,0,0.0
4729,0.0,0,0.0,0.0,4,0,4.0,0.0,0,0,0,0,0,0,0,0,0,0,0,0,0.0,0.0,0,0,0.0,0,0,0.0
4913,0.0,0,5.0,0.0,0,0,5.0,5.0,0,0,0,0,0,0,0,0,0,0,0,0,0.0,0.0,0,0,0.0,0,0,0.0
5016,0.0,0,0.0,0.0,0,0,5.0,4.0,0,0,0,0,0,0,0,0,0,0,0,0,0.0,0.0,0,0,0.0,0,0,0.0
5021,0.0,0,4.0,0.0,0,0,5.0,3.0,0,0,0,0,0,0,0,0,0,0,0,0,0.0,0.0,0,0,0.0,0,0,0.0
5049,0.0,0,4.0,3.0,0,0,0.0,0.0,0,5,0,0,0,0,0,0,0,0,0,0,0.0,0.0,0,0,0.0,0,0,0.0
5306,2.0,0,4.0,0.0,0,0,3.0,0.0,0,0,0,0,0,0,0,0,0,0,0,0,0.0,0.0,0,0,0.0,0,0,0.0
5553,3.0,0,5.0,0.0,0,0,0.0,0.0,2,0,0,0,0,0,0,0,0,0,0,0,0.0,0.0,0,0,0.0,0,0,0.0
5578,0.0,0,3.0,0.0,0,0,0.0,4.0,0,5,0,0,0,0,0,0,0,0,0,0,0.0,0.0,0,0,0.0,0,0,3.0
5891,0.0,0,5.0,5.0,0,0,0.0,0.0,0,0,0,0,0,0,0,0,0,0,0,0,0.0,0.0,0,0,0.0,0,0,0.0
5923,0.0,0,5.0,4.0,0,5,0.0,0.0,0,0,0,0,0,0,0,0,0,0,0,0,0.0,0.0,0,0,0.0,0,0,0.0
5992,0.0,0,5.0,0.0,0,0,5.0,0.0,0,0,0,0,0,0,0,0,0,0,0,0,0.0,0.0,0,0,0.0,0,0,0.0
6050,0.0,4,0.0,0.0,0,5,5.0,0.0,0,0,0,0,0,0,0,0,0,0,0,0,0.0,0.0,0,0,0.0,0,0,0.0
6396,0.0,0,0.0,0.0,0,0,4.0,4.0,3,0,0,0,0,0,0,0,0,0,0,0,0.0,0.0,0,0,0.0,0,0,0.0
6468,0.0,0,5.0,0.0,0,0,5.0,0.0,5,0,0,0,0,0,0,0,0,0,0,0,0.0,0.0,0,0,0.0,0,0,0.0
6649,0.0,0,4.0,0.0,4,0,4.0,0.0,0,0,0,0,0,0,0,0,0,0,0,0,0.0,0.0,0,0,0.0,0,0,0.0
6697,0.0,0,5.0,0.0,0,0,0.0,0.0,0,0,0,0,0,0,0,0,0,0,0,0,0.0,0.0,0,0,0.0,0,0,0.0
7246,5.0,3,0.0,0.0,0,0,0.0,0.0,0,5,0,0,0,0,0,0,0,0,0,0,0.0,0.0,0,0,0.0,0,0,0.0
7568,0.0,0,5.0,0.0,0,5,5.0,0.0,0,0,0,0,0,0,0,0,0,0,0,0,0.0,0.0,0,0,0.0,0,0,0.0
7714,0.0,0,4.0,0.0,0,0,5.0,0.0,0,5,0,0,0,0,0,0,0,0,0,0,0.0,0.0,0,0,0.0,0,0,0.0
7884,0.0,0,0.0,0.0,0,0,4.0,5.0,0,0,0,0,0,0,0,0,0,0,0,0,0.0,0.0,0,0,0.0,0,0,0.0
8385,0.0,5,5.0,0.0,0,0,4.0,0.0,0,0,0,0,0,0,0,0,0,0,0,0,0.0,0.0,0,0,0.0,0,0,0.0
8578,0.0,0,5.0,0.0,0,0,0.0,4.0,0,0,0,0,0,0,0,0,0,0,0,0,0.0,0.0,0,0,0.0,0,0,0.0
8733,0.0,0,5.0,0.0,0,0,2.0,3.0,0,0,0,0,0,0,0,0,0,0,0,0,0.0,0.0,0,0,0.0,0,0,0.0
8964,0.0,5,5.0,0.0,0,4,0.0,4.0,0,0,0,0,0,0,0,0,0,0,0,0,0.0,0.0,0,0,0.0,0,0,0.0
9342,0.0,0,4.333333333333333,0.0,0,0,5.0,4.0,0,0,0,0,0,0,0,0,0,0,0,0,0.0,0.0,0,0,0.0,0,0,0.0
9589,0.0,0,4.0,0.0,0,0,3.0,4.0,0,0,0,0,0,0,0,0,0,0,0,0,0.0,0.0,0,0,0.0,0,0,0.0
9682,0.0,5,4.0,0.0,0,0,0.0,0.0,0,0,0,0,0,0,0,0,0,0,0,0,0.0,0.0,0,0,0.0,0,0,0.0
9925,0.0,0,4.0,0.0,0,4,0.0,0.0,0,4,0,0,0,0,0,0,0,0,0,0,0.0,0.0,0,0,0.0,0,0,0.0
9956,0.0,0,5.0,0.0,0,0,5.0,0.0,4,0,0,0,0,0,0,0,0,0,0,0,0.0,0.0,0,0,0.0,0,0,0.0
10103,0.0,4,4.0,0.0,0,3,0.0,0.0,0,0,0,0,0,0,0,0,0,0,0,0,0.0,0.0,0,0,0.0,0,0,0.0
10233,0.0,0,0.0,4.0,0,0,5.0,0.0,0,0,0,0,0,0,0,0,0,0,0,0,0.0,0.0,0,0,0.0,0,0,0.0
10654,0.0,0,4.0,0.0,0,0,0.0,5.0,0,5,0,0,0,0,0,0,0,0,0,0,0.0,0.0,0,0,0.0,0,0,0.0
10883,0.0,0,0.0,0.0,0,0,0.0,4.0,0,0,0,0,0,0,0,0,0,0,0,0,0.0,0.0,0,0,0.0,0,0,0.0
10905,0.0,0,0.0,0.0,4,0,4.0,0.0,0,0,0,0,0,0,0,0,0,0,0,0,0.0,0.0,0,0,0.0,0,0,0.0
11174,0.0,0,5.0,0.0,0,0,5.0,0.0,0,0,0,0,0,0,0,0,0,0,0,0,0.0,0.0,0,0,0.0,0,0,0.0
11281,3.0,0,4.0,0.0,0,0,0.0,0.0,0,0,0,0,0,0,0,0,0,0,0,0,0.0,0.0,0,0,0.0,0,0,0.0
11591,0.0,0,4.0,0.0,0,0,4.0,0.0,0,0,0,0,0,0,0,0,0,0,0,0,0.0,0.0,0,0,0.0,0,0,0.0
11723,0.0,0,0.0,0.0,0,0,5.0,5.0,0,0,0,0,0,0,0,0,0,0,0,0,0.0,0.0,0,0,0.0,0,0,0.0
11748,3.0,0,5.0,0.0,0,0,0.0,0.0,0,0,0,0,0,0,0,0,0,0,0,0,0.0,0.0,0,0,0.0,0,0,0.0
11978,0.0,4,0.0,0.0,2,2,4.0,0.0,0,0,0,0,0,0,0,0,0,0,0,0,0.0,0.0,0,0,0.0,0,0,0.0
12686,0.0,0,5.0,0.0,0,0,4.0,3.0,0,0,0,0,0,0,0,0,0,0,0,0,0.0,0.0,0,0,0.0,0,0,0.0
12742,4.0,0,3.0,0.0,0,0,0.0,0.0,0,0,0,0,0,0,0,0,0,0,0,0,0.0,0.0,0,0,0.0,0,0,0.0
13155,1.0,5,0.0,0.0,0,5,0.0,0.0,0,0,0,0,0,0,0,0,0,0,0,0,0.0,0.0,0,0,0.0,0,0,0.0
13241,0.0,0,0.0,0.0,0,0,5.0,5.0,0,0,0,0,0,0,0,0,0,0,0,0,0.0,0.0,0,0,0.0,0,0,0.0
13249,0.0,0,5.0,0.0,5,0,5.0,5.0,0,0,0,0,0,0,0,0,0,0,0,0,0.0,0.0,0,0,0.0,0,0,0.0
13379,0.0,0,4.0,0.0,0,0,4.0,3.0,0,0,0,0,0,0,0,0,0,0,0,0,0.0,0.0,0,0,0.0,0,0,0.0
13711,0.0,0,0.0,5.0,0,0,5.0,5.0,0,0,0,0,0,0,0,0,0,0,0,0,0.0,0.0,0,0,0.0,0,0,0.0
13754,4.0,0,0.0,4.0,0,0,0.0,0.0,0,0,0,0,0,0,0,0,0,0,0,0,0.0,0.0,0,0,0.0,0,0,0.0
13781,3.0,0,3.0,0.0,4,0,0.0,0.0,0,0,0,0,0,0,0,0,0,0,0,0,0.0,3.272727272727273,0,0,0.0,0,0,0.0
13855,1.0,0,5.0,0.0,0,0,0.0,0.0,0,0,0,0,0,0,0,0,0,0,0,0,0.0,0.0,0,0,0.0,0,0,0.0
13858,0.0,0,0.0,0.0,0,0,4.0,0.0,0,0,0,0,0,0,0,0,0,0,0,0,0.0,0.0,0,0,0.0,0,0,0.0
14126,0.0,0,3.6666666666666665,2.0,0,0,0.0,0.0,0,0,0,0,0,0,0,0,0,0,0,0,0.0,0.0,0,0,0.0,0,0,0.0
14304,0.0,0,4.0,0.0,0,0,0.0,3.0,0,0,0,0,0,0,0,0,0,0,0,0,0.0,0.0,0,0,0.0,0,0,0.0
14502,0.0,0,0.0,0.0,0,0,0.0,3.0,0,4,0,0,0,0,0,0,0,0,0,0,0.0,0.0,0,0,0.0,0,0,0.0
14695,0.0,0,4.0,5.0,0,0,5.0,5.0,0,0,0,0,0,0,0,0,0,0,0,0,0.0,0.0,0,0,0.0,0,0,0.0
14730,0.0,0,5.0,0.0,0,0,5.0,0.0,0,0,0,0,0,0,0,0,0,0,0,0,0.0,0.0,0,0,0.0,0,0,0.0
14875,0.0,0,0.0,0.0,5,0,0.0,0.0,5,0,0,0,0,0,0,0,0,0,0,0,4.2,0.0,0,0,0.0,0,0,0.0
15065,0.0,0,4.0,2.0,0,0,4.0,0.0,0,0,0,0,0,0,0,0,0,0,0,0,0.0,0.0,0,0,0.0,0,0,0.0
15415,0.0,0,0.0,0.0,0,0,5.0,2.0,0,0,0,0,0,0,0,0,0,0,0,0,0.0,0.0,0,0,0.0,0,0,0.0
15445,0.0,0,4.0,0.0,3,0,4.0,0.0,0,0,0,0,0,0,0,0,0,0,0,0,0.0,0.0,0,0,0.0,0,0,0.0
15805,0.0,0,5.0,0.0,0,0,0.0,0.0,0,0,0,0,0,0,0,0,0,0,0,0,0.0,0.0,0,0,0.0,0,0,0.0
15862,0.0,0,4.0,0.0,5,0,0.0,5.0,0,0,0,0,0,0,0,0,0,0,0,0,0.0,0.0,0,0,0.0,0,0,0.0
15998,0.0,0,3.0,0.0,0,4,0.0,0.0,0,5,0,0,0,0,0,0,0,0,0,0,0.0,0.0,0,0,0.0,0,0,0.0
16420,0.0,0,5.0,0.0,0,0,4.0,0.0,0,0,0,0,0,0,0,0,0,0,0,0,0.0,0.0,0,0,0.0,0,0,0.0
16479,0.0,0,0.0,0.0,0,5,0.0,0.0,0,0,0,0,0,0,0,0,0,0,0,0,0.0,0.0,0,0,0.0,0,0,0.0
16664,0.0,0,5.0,0.0,0,0,5.0,3.0,0,0,0,0,0,0,0,0,0,0,0,0,0.0,0.0,0,0,0.0,0,0,0.0
16833,0.0,0,3.0,0.0,0,0,2.0,0.0,0,0,0,0,0,0,0,0,0,0,0,0,0.0,0.0,0,0,0.0,0,0,0.0
17033,0.0,0,0.0,0.0,0,0,0.0,5.0,0,0,0,0,0,0,0,0,0,0,0,0,0.0,0.0,0,0,0.0,0,0,0.0
17110,0.0,0,0.0,0.0,0,0,5.0,0.0,0,5,0,0,0,0,0,0,0,0,0,0,0.0,0.0,0,0,0.0,0,0,0.0
17411,0.0,0,0.0,0.0,5,0,5.0,5.0,0,0,0,0,0,0,0,0,0,0,0,0,0.0,0.0,0,0,0.0,0,0,0.0
18017,0.0,0,0.0,0.0,0,4,0.0,5.0,5,0,0,0,0,0,0,0,0,0,0,0,0.0,0.0,0,0,0.0,0,0,0.0
18027,0.0,0,5.0,5.0,0,0,0.0,0.0,0,0,0,0,0,0,0,0,0,0,0,0,0.0,0.0,0,0,0.0,0,0,0.0
18307,0.0,0,0.0,0.0,0,0,0.0,5.0,0,0,0,0,0,0,0,0,0,0,0,0,0.0,0.0,0,0,0.0,0,0,0.0
18325,1.0,0,1.0,0.0,0,0,0.0,0.0,0,0,0,0,0,0,0,0,0,0,0,0,0.0,0.0,0,0,0.0,0,0,0.0
18431,0.0,0,4.0,0.0,0,0,3.0,0.0,0,0,0,0,0,0,0,0,0,0,0,0,0.0,0.0,0,0,0.0,0,0,0.0
18628,0.0,5,4.0,0.0,0,5,0.0,0.0,0,0,0,0,0,0,0,0,0,0,0,0,0.0,0.0,0,0,0.0,0,0,0.0
18707,0.0,0,4.0,0.0,0,0,2.0,3.0,0,0,0,0,0,0,0,0,0,0,0,0,0.0,0.0,0,0,0.0,0,0,0.0
18927,0.0,0,0.0,0.0,0,0,0.0,0.0,0,0,0,0,0,0,0,0,0,0,0,0,0.0,0.0,0,0,0.0,0,0,0.0
19081,4.0,0,0.0,4.0,3,0,0.0,0.0,0,0,0,0,0,0,0,0,0,0,0,0,0.0,0.0,0,0,0.0,0,0,0.0
19194,0.0,0,0.0,4.0,0,0,5.0,5.0,0,0,0,0,0,0,0,0,0,0,0,0,0.0,0.0,0,0,0.0,0,0,0.0
19237,0.0,0,4.0,0.0,0,0,0.0,0.0,5,0,0,0,0,0,0,0,0,0,0,0,0.0,3.625,0,0,0.0,0,0,0.0
20043,0.0,4,0.0,0.0,0,0,0.0,0.0,3,0,0,0,0,0,0,0,0,0,0,0,0.0,0.0,0,0,0.0,0,0,0.0
20199,0.0,5,0.0,4.0,0,0,0.0,5.0,0,0,0,0,0,0,0,0,0,0,0,0,0.0,0.0,0,0,0.0,0,0,0.0
20235,0.0,0,3.0,2.0,0,0,4.0,0.0,0,0,0,0,0,0,0,0,0,0,0,0,0.0,0.0,0,0,0.0,0,0,0.0
20278,2.0,0,5.0,0.0,0,0,0.0,0.0,0,0,0,0,0,0,0,0,0,0,0,0,3.2,0.0,0,0,0.0,0,0,0.0
20551,0.0,0,5.0,0.0,5,0,0.0,5.0,0,0,0,0,0,0,0,0,0,0,0,0,0.0,0.0,0,0,0.0,0,0,0.0
20798,0.0,0,5.0,0.0,0,0,0.0,4.0,0,0,0,0,0,0,0,0,0,0,0,0,0.0,0.0,0,0,0.0,0,0,0.0
20949,0.0,0,5.0,0.0,0,0,0.0,0.0,0,0,0,0,0,0,0,0,0,0,0,0,0.0,0.0,0,0,0.0,0,0,0.0
21089,0.0,0,0.0,4.0,2,0,3.0,3.0,0,0,0,0,0,0,0,0,0,0,0,0,0.0,0.0,0,0,0.0,0,0,0.0
21120,0.0,5,0.0,0.0,0,0,4.0,3.0,0,0,0,0,0,0,0,0,0,0,0,0,0.0,0.0,0,0,0.0,0,0,0.0
21206,0.0,0,4.0,5.0,0,0,0.0,0.0,0,0,0,0,0,0,0,0,0,0,0,0,0.0,0.0,0,0,0.0,0,0,0.0
22115,0.0,0,0.0,0.0,4,0,0.0,5.0,0,0,0,0,0,0,0,0,0,0,0,0,0.0,0.0,0,0,0.0,0,0,0.0
22431,0.0,5,0.0,0.0,4,0,4.0,4.0,0,0,0,0,0,0,0,0,0,0,0,0,0.0,0.0,0,0,0.0,0,0,0.0
22464,0.0,0,4.0,0.0,0,0,4.0,0.0,0,0,0,0,0,0,0,0,0,0,0,0,0.0,0.0,0,0,0.0,0,0,0.0
22631,0.0,0,0.0,0.0,0,0,4.0,2.5,0,0,0,0,0,0,0,0,0,0,0,0,0.0,0.0,0,0,0.0,0,0,0.0
22723,4.0,0,4.0,0.0,0,0,0.0,4.0,0,0,0,0,0,0,0,0,0,0,0,0,0.0,0.0,0,0,0.0,0,0,0.0
22740,0.0,0,5.0,0.0,0,0,4.0,3.5,0,0,0,0,0,0,0,0,0,0,0,0,0.0,0.0,0,0,0.0,0,0,0.0
22938,4.0,0,5.0,0.0,0,0,0.0,0.0,0,0,0,0,0,0,0,0,0,0,0,0,0.0,0.0,0,0,0.0,0,0,0.0
23073,0.0,4,0.0,0.0,0,3,3.0,3.0,0,0,0,0,0,0,0,0,0,0,0,0,0.0,0.0,0,0,0.0,0,0,0.0
23134,0.0,0,0.0,0.0,2,0,4.0,4.0,0,0,0,0,0,0,0,0,0,0,0,0,0.0,0.0,0,0,0.0,0,0,0.0
23142,0.0,0,5.0,0.0,0,0,5.0,4.0,0,0,0,0,0,0,0,0,0,0,0,0,0.0,0.0,0,0,0.0,0,0,0.0
23278,0.0,0,5.0,0.0,0,0,5.0,3.0,0,0,0,0,0,0,0,0,0,0,0,0,0.0,0.0,0,0,0.0,0,0,0.0
23331,0.0,0,0.0,4.0,3,0,0.0,0.0,0,0,0,0,0,0,0,0,0,0,0,0,0.0,0.0,0,0,0.0,0,0,0.0
23338,0.0,0,0.0,0.0,4,0,4.0,3.0,0,0,0,0,0,0,0,0,0,0,0,0,0.0,0.0,0,0,0.0,0,0,0.0
23361,0.0,0,0.0,0.0,0,0,0.0,0.0,0,0,5,0,0,0,0,4,0,0,0,0,0.0,0.0,0,0,0.0,0,0,0.0
23470,5.0,0,0.0,0.0,3,0,0.0,0.0,0,5,0,0,0,0,0,0,0,0,0,0,0.0,0.0,0,0,0.0,0,0,0.0
23621,0.0,0,4.0,0.0,3,0,0.0,0.0,0,0,0,0,0,0,0,0,0,0,0,0,0.0,0.0,0,0,0.0,0,0,0.0
23879,0.0,0,0.0,0.0,0,0,0.0,0.0,0,0,0,0,0,0,0,0,0,0,0,0,0.0,0.0,0,0,0.0,0,0,0.0
24209,0.0,0,0.0,0.0,0,0,4.0,4.0,0,0,0,0,0,0,0,0,0,0,0,0,0.0,0.0,0,0,0.0,0,0,0.0
24299,0.0,0,0.0,0.0,0,0,4.0,4.0,0,0,0,0,0,0,0,0,0,0,0,0,0.0,0.0,0,0,0.0,0,0,0.0
24607,0.0,0,0.0,0.0,0,0,4.0,4.0,4,0,0,0,0,0,0,0,0,0,0,0,0.0,0.0,0,0,0.0,0,0,0.0
24665,1.0,0,5.0,0.0,0,0,5.0,0.0,0,0,0,0,0,0,0,0,0,0,0,0,0.0,0.0,0,0,0.0,0,0,0.0
24690,0.0,0,5.0,0.0,0,0,3.0,0.0,0,0,0,0,0,0,0,0,0,0,0,0,0.0,0.0,0,0,0.0,0,0,0.0
24693,0.0,5,4.0,0.0,0,0,4.0,0.0,0,0,0,0,0,0,0,0,0,0,0,0,0.0,0.0,0,0,0.0,0,0,0.0
24755,0.0,0,4.0,0.0,0,0,5.0,4.0,0,0,0,0,0,0,0,0,0,0,0,0,0.0,0.0,0,0,0.0,0,0,0.0
24809,0.0,0,5.0,0.0,0,0,5.0,5.0,0,0,0,0,0,0,0,0,0,0,0,0,0.0,0.0,0,0,0.0,0,0,0.0
24833,0.0,0,4.0,0.0,0,0,3.0,5.0,0,0,0,0,0,0,0,0,0,0,0,0,0.0,0.0,0,0,0.0,0,0,0.0
24920,0.0,0,0.0,0.0,0,5,0.0,3.0,4,0,0,0,0,0,0,0,0,0,0,0,0.0,0.0,0,0,0.0,0,0,0.0
25093,0.0,0,0.0,0.0,0,0,0.0,0.0,0,0,0,0,0,4,0,2,0,0,0,0,0.0,0.0,3,0,0.0,0,0,0.0
25176,0.0,0,0.0,0.0,4,0,0.0,0.0,0,0,0,0,0,0,0,0,0,0,0,0,0.0,4.0,0,0,0.0,0,0,0.0
25292,0.0,0,5.0,3.0,0,0,4.0,0.0,0,0,0,0,0,0,0,0,0,0,0,0,0.0,0.0,0,0,0.0,0,0,0.0
25762,0.0,5,4.0,0.0,0,0,0.0,0.0,0,0,0,0,0,0,0,0,0,0,0,0,0.0,0.0,0,0,0.0,0,0,0.0
25765,0.0,0,0.0,0.0,0,0,3.0,3.0,0,0,0,0,0,0,0,0,0,0,0,0,0.0,0.0,0,0,0.0,0,0,0.0
25979,0.0,0,5.0,0.0,0,0,0.0,3.0,0,0,0,0,0,0,0,0,0,0,0,0,0.0,0.0,0,0,0.0,0,0,0.0
26235,0.0,0,4.5,4.0,0,0,0.0,0.0,0,0,0,0,0,0,0,0,0,0,0,0,0.0,0.0,0,0,0.0,0,0,0.0
26271,0.0,0,5.0,4.0,0,1,3.5,0.0,0,0,0,0,0,0,0,0,0,0,0,0,0.0,0.0,0,0,0.0,0,0,0.0
26333,0.0,0,4.5,0.0,4,5,0.0,0.0,5,5,0,0,0,0,0,0,0,0,0,0,0.0,0.0,0,0,0.0,0,0,0.0
26369,0.0,0,4.0,0.0,0,0,5.0,3.0,0,0,0,0,0,0,0,0,0,0,0,0,0.0,0.0,0,0,0.0,0,0,0.0
26499,0.0,0,5.0,0.0,0,0,0.0,0.0,0,0,0,0,0,0,0,0,0,0,0,0,0.0,0.0,0,0,0.0,0,0,0.0
26644,0.0,0,0.0,0.0,3,0,0.0,5.0,0,0,0,0,0,0,0,0,0,0,0,0,0.0,0.0,0,0,0.0,0,0,0.0
26925,3.0,0,5.0,0.0,3,4,0.0,0.0,0,4,0,0,0,0,0,0,0,0,0,0,0.0,0.0,0,0,0.0,0,0,0.0
27046,0.0,0,5.0,0.0,0,0,3.0,4.0,0,0,0,0,0,0,0,0,0,0,0,0,0.0,0.0,0,0,0.0,0,0,0.0
27097,0.0,0,4.0,0.0,0,5,0.0,0.0,0,0,0,0,0,0,0,0,0,0,0,0,0.0,0.0,0,0,0.0,0,0,0.0
27129,5.0,0,5.0,5.0,0,0,5.0,0.0,0,0,0,0,0,0,0,0,0,0,0,0,0.0,0.0,0,0,0.0,0,0,0.0
27325,0.0,0,5.0,0.0,0,0,0.0,3.0,0,0,0,0,0,0,0,0,0,0,0,0,0.0,0.0,0,0,0.0,0,0,0.0
27932,0.0,0,5.0,0.0,4,0,4.0,5.0,0,0,0,0,0,0,0,0,0,0,0,0,0.0,0.0,0,0,0.0,0,0,0.0
27996,0.0,0,0.0,0.0,0,0,0.0,0.0,0,0,0,5,0,0,0,0,0,0,0,0,0.0,0.0,0,0,0.0,0,0,0.0
28181,0.0,0,0.0,5.0,0,0,5.0,0.0,0,0,0,0,0,0,0,0,0,0,0,0,0.0,0.0,0,0,0.0,0,0,0.0
28556,0.0,0,0.0,0.0,0,0,0.0,0.0,0,0,0,0,0,0,0,0,0,0,0,0,0.0,0.0,0,0,0.0,0,0,0.0
28744,0.0,0,0.0,0.0,5,0,5.0,5.0,0,0,0,0,0,0,0,0,0,0,0,0,0.0,0.0,0,0,0.0,0,0,0.0
28777,0.0,3,0.0,4.0,4,0,0.0,0.0,4,0,0,0,0,0,0,0,0,0,0,0,0.0,0.0,0,0,0.0,0,0,0.0
28784,0.0,0,0.0,0.0,0,0,3.0,2.0,0,0,0,0,0,0,0,0,0,0,0,0,0.0,0.0,0,0,0.0,0,0,0.0
28922,0.0,0,0.0,0.0,0,0,4.0,4.0,0,0,0,0,0,0,0,0,0,0,0,0,0.0,0.0,0,0,0.0,0,0,0.0
28996,0.0,4,4.0,4.333333333333333,0,0,0.0,0.0,0,0,0,0,0,0,0,0,0,0,0,0,0.0,0.0,0,0,0.0,0,0,0.0
29075,0.0,0,4.0,0.0,0,0,0.0,0.0,0,0,0,0,0,0,0,0,0,0,0,0,0.0,0.0,0,0,0.0,0,0,0.0
29086,0.0,0,0.0,0.0,0,0,4.0,0.0,0,0,0,0,0,0,0,0,0,0,0,0,0.0,0.0,0,0,0.0,0,0,0.0
29256,0.0,0,3.0,0.0,0,0,5.0,2.0,0,0,0,0,0,0,0,0,0,0,0,0,0.0,0.0,0,0,0.0,0,0,0.0
29371,0.0,0,0.0,0.0,0,0,2.0,0.0,0,5,0,0,0,0,0,0,0,0,0,0,0.0,0.0,0,0,0.0,0,0,0.0
29379,0.0,0,5.0,5.0,0,5,5.0,4.0,0,0,0,0,0,0,0,0,0,0,0,0,0.0,0.0,0,0,0.0,0,0,0.0
29428,0.0,0,0.0,0.0,0,5,5.0,0.0,5,0,0,0,0,0,0,0,0,0,0,0,0.0,0.0,0,0,0.0,0,0,0.0
29729,0.0,0,5.0,0.0,0,0,0.0,3.0,0,0,0,0,0,0,0,0,0,0,0,0,0.0,0.0,0,0,0.0,0,0,0.0
29932,0.0,3,4.0,0.0,0,0,4.0,0.0,0,0,0,0,0,0,0,0,0,0,0,0,0.0,0.0,0,0,0.0,0,0,0.0
30546,0.0,0,0.0,0.0,0,0,0.0,3.0,0,0,0,0,0,0,0,4,0,0,0,0,0.0,0.0,0,0,5.0,0,0,0.0
30589,0.0,0,0.0,0.0,0,0,0.0,0.0,0,0,5,0,0,4,0,4,0,0,0,0,0.0,0.0,0,0,0.0,0,0,0.0
31063,0.0,0,0.0,4.0,0,0,4.0,3.0,0,0,0,0,0,0,0,0,0,0,0,0,0.0,0.0,0,0,0.0,0,0,0.0
31508,5.0,0,5.0,0.0,0,0,0.0,5.0,0,0,0,0,0,0,0,0,0,0,0,0,0.0,0.0,0,0,0.0,0,0,0.0
31785,0.0,0,0.0,0.0,0,0,5.0,5.0,0,0,0,0,0,0,0,0,0,0,0,0,0.0,0.0,0,0,0.0,0,0,0.0
31895,3.0,0,3.0,0.0,0,0,5.0,3.0,0,0,0,0,0,0,0,0,0,0,0,0,0.0,0.0,0,0,0.0,0,0,0.0
31908,1.0,0,5.0,0.0,0,0,0.0,0.0,0,0,0,0,0,0,0,0,0,0,0,0,0.0,0.0,0,0,0.0,0,0,0.0
31991,0.0,0,5.0,4.0,0,0,5.0,4.0,0,0,0,0,0,0,0,0,0,0,0,0,0.0,0.0,0,0,0.0,0,0,0.0
32107,0.0,0,3.0,0.0,0,0,4.0,2.0,0,0,0,0,0,0,0,0,0,0,0,0,0.0,0.0,0,0,0.0,0,0,0.0
32269,0.0,0,4.0,0.0,0,0,0.0,3.0,0,0,0,0,0,0,0,0,0,0,0,0,0.0,0.0,0,0,0.0,0,0,0.0
32344,0.0,5,5.0,0.0,0,0,5.0,0.0,0,0,0,0,0,0,0,0,0,0,0,0,0.0,0.0,0,0,0.0,0,0,0.0
32892,0.0,0,0.0,0.0,0,2,0.0,0.0,0,0,4,0,0,0,0,0,0,0,0,0,0.0,0.0,0,0,0.0,0,2,0.0
32948,0.0,0,0.0,0.0,0,3,4.0,0.0,0,0,0,0,0,0,0,0,0,0,0,0,0.0,0.0,0,0,0.0,0,0,0.0
33054,0.0,0,5.0,0.0,5,0,5.0,0.0,0,0,0,0,0,0,0,0,0,0,0,0,0.0,0.0,0,0,0.0,0,0,0.0
33070,0.0,0,5.0,0.0,0,0,5.0,4.0,0,0,0,0,0,0,0,0,0,0,0,0,0.0,0.0,0,0,0.0,0,0,0.0
33332,0.0,0,3.0,0.0,0,0,4.0,3.0,0,0,0,0,0,0,0,0,0,0,0,0,0.0,0.0,0,0,0.0,0,0,0.0
33811,0.0,0,5.0,0.0,0,0,0.0,4.0,0,0,0,0,0,0,0,0,0,0,0,0,0.0,0.0,0,0,0.0,0,0,0.0
33844,0.0,0,0.0,3.0,0,0,4.0,0.0,0,0,0,0,0,0,0,0,0,0,0,0,0.0,0.0,0,0,0.0,0,0,0.0
34014,4.0,0,5.0,0.0,0,0,5.0,0.0,0,0,0,0,0,0,0,0,0,0,0,0,0.0,0.0,0,0,0.0,0,0,0.0
34049,0.0,0,4.0,0.0,0,0,0.0,0.0,0,4,0,0,0,0,0,0,0,0,0,0,0.0,0.0,0,0,0.0,0,0,0.0
34050,0.0,0,0.0,3.0,0,0,5.0,0.0,0,0,0,0,0,0,0,0,0,0,0,0,3.5,0.0,0,0,0.0,0,0,0.0
34053,0.0,0,4.5,0.0,1,0,0.0,0.0,0,0,0,0,0,0,0,0,0,0,0,0,0.0,0.0,0,0,0.0,0,0,0.0
34075,0.0,0,5.0,4.0,0,0,3.0,0.0,0,0,0,0,0,0,0,0,0,0,0,0,0.0,0.0,0,0,0.0,0,0,0.0
34436,0.0,0,5.0,0.0,0,0,2.0,3.0,0,0,0,0,0,0,0,0,0,0,0,0,0.0,0.0,0,0,0.0,0,0,0.0
34766,0.0,0,3.0,0.0,4,0,0.0,4.0,0,0,0,0,0,0,0,0,0,0,0,0,0.0,0.0,0,0,0.0,0,0,0.0
34942,5.0,0,0.0,0.0,0,0,5.0,5.0,5,0,0,0,0,0,0,0,0,0,0,0,0.0,0.0,0,0,0.0,0,0,0.0
34995,0.0,0,5.0,0.0,0,0,5.0,4.0,0,0,0,0,0,0,0,0,0,0,0,0,0.0,0.0,0,0,0.0,0,0,0.0
35014,0.0,0,5.0,0.0,0,5,0.0,4.0,0,0,0,0,0,0,0,0,0,0,0,0,0.0,0.0,0,0,0.0,0,0,0.0
35035,0.0,5,0.0,0.0,0,5,0.0,0.0,0,0,0,0,0,0,0,0,0,0,0,0,0.0,0.0,0,0,0.0,0,0,0.0
35209,0.0,0,3.0,0.0,0,0,4.0,0.0,0,5,0,0,0,0,0,0,0,0,0,0,0.0,0.0,0,0,0.0,0,0,0.0
35344,0.0,0,4.0,3.5,0,4,0.0,4.0,0,0,0,0,0,0,0,0,0,0,0,0,0.0,0.0,0,0,0.0,0,0,0.0
35503,0.0,0,3.0,0.0,0,4,4.0,0.0,4,0,0,0,0,0,0,0,0,0,0,0,0.0,0.0,0,0,0.0,0,0,0.0
35675,0.0,0,0.0,0.0,0,5,3.0,5.0,0,0,0,0,0,0,0,0,0,0,0,0,0.0,0.0,0,0,0.0,0,0,0.0
35707,0.0,4,3.0,0.0,0,0,4.0,0.0,0,0,0,0,0,0,0,0,0,0,0,0,2.333333333333333,0.0,0,0,0.0,0,0,0.0
35793,0.0,0,4.0,0.0,0,0,0.0,4.0,0,0,0,0,0,0,0,0,0,0,0,0,0.0,0.0,0,0,0.0,0,0,0.0
35946,0.0,0,0.0,0.0,0,0,4.0,3.0,0,0,0,0,0,0,0,0,0,0,0,0,0.0,0.0,0,0,0.0,0,0,0.0
35949,0.0,0,5.0,0.0,0,0,4.0,0.0,0,0,0,0,0,0,0,0,0,0,0,0,0.0,0.0,0,0,0.0,0,0,0.0
36286,0.0,0,0.0,0.0,0,0,0.0,0.0,0,0,0,4,0,3,0,0,0,0,0,0,0.0,3.333333333333333,0,0,0.0,0,0,0.0
36382,2.0,0,5.0,0.0,0,0,5.0,0.0,0,0,0,0,0,0,0,0,0,0,0,0,0.0,0.0,0,0,0.0,0,0,0.0
36483,0.0,0,4.0,0.0,0,0,0.0,3.0,0,0,0,0,0,0,0,0,0,0,0,0,0.0,0.0,0,0,0.0,0,0,0.0
36567,0.0,0,0.0,3.0,0,5,4.0,0.0,2,0,0,0,0,0,0,0,0,0,0,0,3.2,0.0,0,0,0.0,0,0,0.0
36818,0.0,0,0.0,0.0,0,0,3.0,1.0,0,0,0,0,0,0,0,0,0,0,0,0,0.0,0.0,0,0,0.0,0,0,0.0
37299,0.0,0,5.0,0.0,0,0,3.0,4.0,0,0,0,0,0,0,0,0,0,0,0,0,0.0,0.0,0,0,0.0,0,0,0.0
37451,0.0,0,0.0,2.0,0,0,4.0,4.0,0,5,0,0,0,0,0,0,0,0,0,0,0.0,0.0,0,0,0.0,0,0,0.0
37483,0.0,0,5.0,0.0,3,0,0.0,0.0,0,0,0,0,0,0,0,0,0,0,0,0,0.0,0.0,0,0,0.0,0,0,0.0
38154,5.0,0,5.0,0.0,0,0,0.0,5.0,0,0,0,0,0,0,0,0,0,0,0,0,0.0,0.0,0,0,0.0,0,0,0.0
38157,0.0,0,5.0,0.0,0,0,0.0,5.0,0,0,0,0,0,0,0,0,0,0,0,0,0.0,0.0,0,0,0.0,0,0,0.0
38726,0.0,0,3.5,0.0,0,0,5.0,3.0,0,0,0,0,0,0,0,0,0,0,0,0,0.0,0.0,0,0,0.0,0,0,0.0
38923,0.0,0,4.0,0.0,0,0,0.0,0.0,0,0,0,0,0,0,0,0,0,0,0,0,0.0,0.0,0,0,0.0,0,0,0.0
39017,0.0,0,5.0,4.0,2,0,5.0,0.0,0,0,0,0,0,0,0,0,0,0,0,0,0.0,0.0,0,0,0.0,0,0,0.0
39140,0.0,0,3.0,0.0,0,0,4.0,3.0,0,0,0,0,0,0,0,0,0,0,0,0,0.0,0.0,0,0,0.0,0,0,0.0
39458,0.0,5,4.0,0.0,0,0,0.0,0.0,0,0,0,0,0,0,0,0,0,0,0,0,0.0,0.0,0,0,0.0,0,0,0.0
39937,4.0,0,4.0,0.0,0,0,5.0,0.0,0,0,0,0,0,0,0,0,0,0,0,0,0.0,0.0,0,0,0.0,0,0,0.0
40175,0.0,0,0.0,0.0,0,0,5.0,4.0,0,0,0,0,0,0,0,0,0,0,0,0,0.0,0.0,0,0,0.0,0,0,0.0
40180,0.0,3,4.0,0.0,0,0,0.0,0.0,0,0,0,0,0,0,0,0,0,0,0,0,0.0,0.0,0,0,0.0,0,0,0.0
40531,3.0,0,3.0,0.0,0,0,4.0,5.0,0,0,0,0,0,0,0,0,0,0,0,0,0.0,0.0,0,0,0.0,0,0,0.0
40833,0.0,0,5.0,0.0,0,0,0.0,3.0,0,0,0,0,0,0,0,0,0,0,0,0,0.0,0.0,0,0,0.0,0,0,0.0
40954,0.0,0,2.0,0.0,2,0,4.0,4.0,0,0,0,0,0,0,0,0,0,0,0,0,0.0,0.0,0,0,0.0,0,0,0.0
41050,0.0,0,3.0,0.0,0,0,4.0,0.0,0,0,0,0,0,0,0,0,0,0,0,0,0.0,0.0,0,0,0.0,0,0,0.0
41134,0.0,0,4.0,0.0,0,0,4.0,4.0,0,0,0,0,0,0,0,0,0,0,0,0,0.0,0.0,0,0,0.0,0,0,0.0
41218,0.0,0,5.0,0.0,0,0,5.0,5.0,0,0,0,0,0,0,0,0,0,0,0,0,0.0,0.0,0,0,0.0,0,0,0.0
41920,0.0,0,0.0,0.0,0,0,5.0,0.0,0,0,0,0,0,0,0,0,0,0,0,0,0.0,0.0,0,0,0.0,0,0,0.0
42057,0.0,0,5.0,0.0,0,0,5.0,0.0,0,0,0,0,0,0,0,0,0,0,0,0,0.0,0.0,0,0,0.0,0,0,0.0
42154,0.0,0,0.0,5.0,0,0,0.0,5.0,0,0,0,0,0,0,0,0,0,0,0,0,0.0,0.0,0,0,0.0,0,0,0.0
42890,4.0,0,0.0,0.0,0,0,0.0,2.0,0,0,0,0,0,0,0,0,0,0,0,0,0.0,0.0,0,0,0.0,0,0,0.0
43057,0.0,0,5.0,0.0,0,0,3.0,3.0,0,0,0,0,0,0,0,0,0,0,0,0,0.0,0.0,0,0,0.0,0,0,0.0
43133,0.0,0,4.0,4.0,0,0,4.0,0.0,0,0,0,0,0,0,0,0,0,0,0,0,0.0,0.0,0,0,0.0,0,0,0.0
43343,0.0,0,0.0,5.0,0,0,0.0,0.0,5,0,0,0,0,0,0,0,0,0,0,0,0.0,0.0,0,0,0.0,0,0,0.0
43611,0.0,0,3.0,0.0,0,0,0.0,4.0,0,0,0,0,0,0,0,0,0,0,0,0,0.0,0.0,0,0,0.0,0,0,0.0
43670,0.0,0,5.0,4.0,0,0,0.0,5.0,0,0,0,0,0,0,0,0,0,0,0,0,0.0,0.0,0,0,0.0,0,0,0.0
43954,0.0,0,0.0,0.0,0,0,3.0,4.0,0,0,0,0,0,0,0,0,0,0,0,0,0.0,0.0,0,0,0.0,0,0,0.0
43991,0.0,0,4.5,0.0,0,0,5.0,0.0,5,0,0,0,0,0,0,0,0,0,0,0,0.0,0.0,0,0,0.0,0,0,0.0
44015,5.0,0,4.0,5.0,0,4,5.0,0.0,0,0,0,0,0,0,0,0,0,0,0,0,0.0,0.0,0,0,0.0,0,0,0.0
44019,0.0,0,4.0,1.0,0,0,5.0,0.0,0,0,0,0,0,0,0,0,0,0,0,0,0.0,0.0,0,0,0.0,0,0,0.0
44138,0.0,0,0.0,3.0,4,0,4.0,0.0,0,0,0,0,0,0,0,0,0,0,0,0,0.0,0.0,0,0,0.0,0,0,0.0
44194,0.0,0,0.0,0.0,0,0,3.0,3.0,0,0,0,0,0,0,0,0,0,0,0,0,0.0,2.8,0,0,0.0,0,0,0.0
44204,0.0,0,0.0,0.0,0,0,0.0,4.0,0,0,0,0,0,0,0,0,0,0,0,0,0.0,0.0,0,0,0.0,0,0,0.0
44260,0.0,0,4.0,0.0,0,0,4.0,0.0,0,5,0,0,0,0,0,0,0,0,0,0,0.0,0.0,0,0,0.0,0,0,0.0
44419,0.0,0,5.0,0.0,0,0,4.0,5.0,0,0,0,0,0,0,0,0,0,0,0,0,0.0,0.0,0,0,0.0,0,0,0.0
44557,0.0,0,4.0,0.0,0,2,4.0,0.0,4,0,0,0,0,0,0,0,0,0,0,0,0.0,0.0,0,0,0.0,0,0,0.0
44848,0.0,0,0.0,0.0,0,0,5.0,5.0,0,0,0,0,0,0,0,0,0,0,0,0,0.0,0.0,0,0,0.0,0,0,0.0
44910,0.0,0,0.0,0.0,4,0,0.0,3.0,0,0,0,0,0,0,0,0,0,0,0,0,0.0,0.0,0,0,0.0,0,0,0.0
44948,0.0,0,4.0,0.0,0,0,4.0,0.0,0,0,0,0,0,0,0,0,0,0,0,0,0.0,0.0,0,0,0.0,0,0,1.0
44993,0.0,0,0.0,0.0,0,0,2.0,0.0,0,0,0,0,0,0,0,0,0,0,0,0,3.6666666666666665,0.0,0,0,0.0,0,0,0.0
45630,0.0,0,4.0,3.0,0,4,0.0,0.0,0,0,0,0,0,0,0,0,0,0,0,0,0.0,0.0,0,0,0.0,0,0,0.0
45707,0.0,0,0.0,0.0,0,0,4.5,3.0,0,4,0,0,0,0,0,0,0,0,0,0,0.0,0.0,0,0,0.0,0,0,0.0
45794,0.0,4,4.0,0.0,0,3,3.0,0.0,0,0,0,0,0,0,0,0,0,0,0,0,0.0,0.0,0,0,0.0,0,0,0.0
46510,0.0,0,5.0,0.0,0,0,5.0,3.0,0,0,0,0,0,0,0,0,0,0,0,0,0.0,0.0,0,0,0.0,0,0,0.0
46583,3.0,5,5.0,4.0,0,0,0.0,0.0,0,0,0,0,0,0,0,0,0,0,0,0,0.0,0.0,0,0,0.0,0,0,0.0
46859,0.0,0,0.0,0.0,0,3,3.0,3.0,0,0,0,0,0,0,0,0,0,0,0,0,0.0,0.0,0,0,0.0,0,0,0.0
47055,0.0,0,5.0,0.0,0,0,5.0,0.0,0,0,0,0,0,0,0,0,0,0,0,0,0.0,0.0,0,0,0.0,0,0,0.0
47891,0.0,0,5.0,0.0,0,0,0.0,0.0,0,0,0,0,0,0,0,0,0,0,0,0,0.0,0.0,0,0,0.0,0,0,0.0
48038,0.0,0,5.0,0.0,5,0,5.0,0.0,0,0,0,0,0,0,0,0,0,0,0,0,0.0,0.0,0,0,0.0,0,0,0.0
48118,0.0,5,5.0,0.0,0,0,0.0,5.0,0,0,0,0,0,0,0,0,0,0,0,0,0.0,0.0,0,0,0.0,0,0,0.0
48380,5.0,0,5.0,0.0,0,0,5.0,0.0,5,0,0,0,0,0,0,0,0,0,0,0,0.0,0.0,0,0,0.0,0,0,0.0
48962,0.0,0,3.0,0.0,0,0,5.0,0.0,0,0,0,0,0,0,0,0,0,0,0,0,0.0,0.0,0,0,0.0,0,0,0.0
49039,0.0,0,5.0,0.0,0,0,5.0,5.0,0,0,0,0,0,0,0,0,0,0,0,0,0.0,0.0,0,0,0.0,0,0,0.0
49166,0.0,0,4.0,0.0,0,0,4.0,4.0,0,0,0,0,0,0,0,0,0,0,0,0,0.0,0.0,0,0,0.0,0,0,0.0
49347,0.0,0,4.0,0.0,0,0,3.0,0.0,0,0,0,0,0,0,0,0,0,0,0,0,0.0,0.0,0,0,0.0,0,0,0.0
49559,5.0,0,0.0,0.0,0,0,0.0,0.0,0,0,0,0,0,0,0,0,0,0,0,0,0.0,0.0,0,0,0.0,0,0,0.0
49649,0.0,0,0.0,0.0,3,0,0.0,0.0,0,0,0,0,0,0,0,0,0,0,0,0,0.0,0.0,0,0,0.0,0,0,0.0
49766,0.0,0,5.0,0.0,4,0,4.0,3.0,0,0,0,0,0,0,0,0,0,0,0,0,0.0,0.0,0,0,0.0,0,0,0.0
49772,0.0,0,5.0,5.0,0,0,5.0,0.0,0,0,0,0,0,0,0,0,0,0,0,0,0.0,0.0,0,0,0.0,0,0,0.0
49782,0.0,0,4.0,0.0,0,0,4.0,0.0,4,0,0,0,0,0,0,0,0,0,0,0,0.0,0.0,0,0,0.0,0,0,0.0
50234,0.0,0,0.0,5.0,0,0,0.0,5.0,0,0,0,0,0,0,0,0,0,0,0,0,0.0,0.0,0,0,0.0,0,0,0.0
50799,0.0,0,5.0,0.0,0,0,5.0,0.0,0,0,0,0,0,0,0,0,0,0,0,0,0.0,0.0,0,0,0.0,0,0,0.0
50804,0.0,0,5.0,0.0,0,0,4.0,0.0,0,5,0,0,0,0,0,0,0,0,0,0,0.0,0.0,0,0,0.0,0,0,0.0
50809,0.0,0,4.0,0.0,0,0,5.0,4.0,0,0,0,0,0,0,0,0,0,0,0,0,0.0,0.0,0,0,0.0,0,0,0.0
51069,0.0,0,5.0,0.0,0,0,5.0,0.0,0,0,0,0,0,0,0,0,0,0,0,0,0.0,0.0,0,0,0.0,0,0,0.0
51437,2.0,0,4.5,0.0,0,0,5.0,4.0,0,0,0,0,0,0,0,0,0,0,0,0,0.0,0.0,0,0,0.0,0,0,0.0
52028,0.0,0,4.0,0.0,0,0,0.0,0.0,0,0,0,0,0,0,0,0,0,0,0,0,0.0,0.0,0,0,0.0,0,0,0.0
52223,0.0,0,2.0,4.0,0,0,3.0,0.0,0,0,0,0,0,0,0,0,0,0,0,0,0.0,0.0,0,0,0.0,0,0,0.0
52227,0.0,0,3.0,0.0,0,0,0.0,5.0,0,0,0,0,0,0,0,0,0,0,0,0,0.0,0.0,0,0,0.0,0,0,0.0
52646,0.0,0,2.0,4.0,0,0,0.0,0.0,0,0,0,0,0,0,0,0,0,0,0,0,0.0,0.0,0,0,0.0,0,0,0.0
52658,0.0,5,3.6666666666666665,0.0,0,0,5.0,0.0,0,0,0,0,0,0,0,0,0,0,0,0,0.0,0.0,0,0,0.0,0,0,0.0
52713,0.0,0,5.0,0.0,0,5,5.0,0.0,0,0,0,0,0,0,0,0,0,0,0,0,0.0,0.0,0,0,0.0,0,0,0.0
52909,0.0,0,4.0,0.0,0,0,0.0,3.0,0,0,0,0,0,0,0,0,0,0,0,0,0.0,0.0,0,0,0.0,0,0,0.0
52925,0.0,0,5.0,0.0,0,0,5.0,5.0,0,0,0,0,0,0,0,0,0,0,0,0,0.0,0.0,0,0,0.0,0,0,0.0
53105,0.0,0,4.0,0.0,0,0,4.0,4.0,0,0,0,0,0,0,0,0,0,0,0,0,0.0,0.0,0,0,0.0,0,0,0.0
53133,0.0,0,5.0,0.0,0,0,5.0,0.0,0,0,0,0,0,0,0,0,0,0,0,0,0.0,0.0,0,0,0.0,0,0,0.0
53181,0.0,0,0.0,0.0,2,0,0.0,2.0,0,0,0,0,0,0,0,0,0,0,0,0,0.0,0.0,0,0,0.0,0,0,0.0
53248,0.0,0,5.0,0.0,0,0,5.0,3.0,0,0,0,0,0,0,0,0,0,0,0,0,0.0,0.0,0,0,0.0,0,0,0.0
53385,0.0,0,4.0,0.0,0,0,0.0,0.0,0,0,0,0,0,0,0,0,0,0,0,0,0.0,0.0,0,0,0.0,0,0,0.0
53442,0.0,4,4.0,0.0,0,0,5.0,0.0,0,0,0,0,0,0,0,0,0,0,0,0,0.0,0.0,0,0,0.0,0,0,0.0
53533,0.0,0,4.0,0.0,0,0,0.0,5.0,0,0,0,0,0,0,0,0,0,0,0,0,0.0,0.0,0,0,0.0,0,0,0.0
53690,1.0,0,5.0,5.0,0,0,0.0,0.0,0,0,0,0,0,0,0,0,0,0,0,0,0.0,0.0,0,0,0.0,0,0,0.0
53746,4.0,0,4.5,5.0,0,0,0.0,0.0,0,5,0,0,0,0,0,0,0,0,0,0,0.0,0.0,0,0,0.0,0,0,0.0
53900,0.0,0,4.0,0.0,0,0,4.0,4.0,0,0,0,0,0,0,0,0,0,0,0,0,0.0,0.0,0,0,0.0,0,0,0.0
54094,0.0,0,5.0,0.0,0,5,0.0,3.0,0,0,0,0,0,0,0,0,0,0,0,0,0.0,0.0,0,0,0.0,0,0,0.0
54245,0.0,0,5.0,0.0,0,0,4.0,3.0,0,0,0,0,0,0,0,0,0,0,0,0,0.0,0.0,0,0,0.0,0,0,0.0
54703,0.0,0,0.0,0.0,0,5,5.0,0.0,0,0,0,0,0,0,0,0,0,0,0,0,0.0,0.0,0,0,0.0,0,0,0.0
54801,5.0,0,0.0,3.0,0,0,5.0,0.0,0,0,0,0,0,0,0,0,0,0,0,0,0.0,0.0,0,0,0.0,0,0,0.0
55320,0.0,0,4.0,0.0,0,4,4.0,0.0,0,0,0,0,0,0,0,0,0,0,0,0,0.0,0.0,0,0,0.0,0,0,0.0
55446,0.0,0,3.0,0.0,0,0,3.0,0.0,0,0,0,0,0,0,0,0,0,0,0,0,0.0,0.0,0,0,0.0,0,0,0.0
55472,0.0,0,4.0,0.0,0,0,3.0,4.0,0,0,0,0,0,0,0,0,0,0,0,0,0.0,0.0,0,0,0.0,0,0,0.0
55486,0.0,0,4.0,0.0,0,0,4.0,0.0,0,0,0,0,0,0,0,0,0,0,0,0,0.0,0.0,0,0,0.0,0,0,0.0
55500,0.0,0,0.0,0.0,0,0,4.0,3.0,0,0,0,0,0,0,0,0,0,0,0,0,0.0,0.0,0,0,0.0,0,0,0.0
56049,0.0,0,5.0,0.0,0,0,0.0,0.0,0,5,0,0,0,0,0,0,0,0,0,0,0.0,0.0,0,0,0.0,0,0,0.0
56111,0.0,0,4.0,0.0,0,0,4.0,0.0,0,0,0,0,0,0,0,0,0,0,0,0,0.0,0.0,0,0,0.0,0,0,0.0
56298,0.0,0,5.0,4.0,0,0,0.0,0.0,0,0,0,0,0,0,0,0,0,0,0,0,0.0,0.0,0,0,0.0,0,0,0.0
56369,0.0,0,5.0,0.0,0,0,0.0,4.0,0,4,0,0,0,0,0,0,0,0,0,0,0.0,0.0,0,0,0.0,0,0,0.0
56516,2.0,0,0.0,0.0,0,0,5.0,3.0,3,0,0,0,0,0,0,0,0,0,0,0,0.0,0.0,0,0,0.0,0,0,0.0
56563,0.0,0,4.0,0.0,1,0,4.0,0.0,0,0,0,0,0,0,0,0,0,0,0,0,0.0,0.0,0,0,0.0,0,0,0.0
56618,0.0,0,0.0,0.0,0,0,5.0,5.0,0,0,0,0,0,0,0,0,0,0,0,0,0.0,0.0,0,0,0.0,0,0,0.0
56693,0.0,0,0.0,0.0,0,0,5.0,4.0,0,0,0,0,0,0,0,0,0,0,0,0,0.0,0.0,0,0,0.0,0,0,0.0
56938,0.0,0,4.0,0.0,0,0,3.0,4.0,0,0,0,0,0,0,0,0,0,0,0,0,0.0,0.0,0,0,0.0,0,0,0.0
57016,0.0,0,5.0,0.0,0,0,0.0,5.0,0,0,0,0,0,0,0,0,0,0,0,0,0.0,0.0,0,0,0.0,0,0,0.0
57028,0.0,0,2.0,0.0,0,0,0.0,4.0,0,5,0,0,0,0,0,0,0,0,0,0,0.0,0.0,0,0,0.0,0,0,0.0
57211,2.0,0,0.0,0.0,0,0,4.0,0.0,0,0,0,0,0,0,0,0,0,0,0,0,0.0,0.0,0,0,0.0,0,0,0.0
57733,0.0,0,1.0,0.0,5,0,0.0,0.0,0,0,0,0,0,0,0,0,0,0,0,0,0.0,0.0,0,0,0.0,0,0,0.0
57761,0.0,0,5.0,0.0,0,0,0.0,5.0,0,4,0,0,0,0,0,0,0,0,0,0,0.0,0.0,0,0,0.0,0,0,0.0
58074,0.0,0,3.0,0.0,0,0,3.0,2.0,0,0,0,0,0,0,0,0,0,0,0,0,0.0,0.0,0,0,0.0,0,0,0.0
58141,0.0,0,5.0,0.0,0,0,0.0,5.0,0,0,0,0,0,0,0,0,0,0,0,0,0.0,0.0,0,0,0.0,0,0,0.0
58552,0.0,0,5.0,0.0,0,0,4.0,4.0,0,0,0,0,0,0,0,0,0,0,0,0,0.0,0.0,0,0,0.0,0,0,0.0
58780,0.0,0,5.0,0.0,5,0,0.0,0.0,2,0,0,0,0,0,0,0,0,0,0,0,0.0,0.0,0,0,0.0,0,0,0.0
58815,0.0,0,0.0,3.0,5,0,0.0,0.0,0,0,0,0,0,0,0,0,0,0,0,0,0.0,0.0,0,0,0.0,0,0,3.333333333333333
59214,0.0,0,5.0,0.0,0,0,0.0,0.0,5,0,0,0,0,0,0,0,0,0,0,0,0.0,0.0,0,0,0.0,0,0,0.0
59241,3.0,0,4.0,0.0,4,0,0.0,0.0,0,0,0,0,0,0,0,0,0,0,0,0,0.0,0.0,0,0,0.0,0,0,0.0
59287,0.0,0,0.0,2.0,0,0,3.0,2.0,0,0,0,0,0,0,0,0,0,0,0,0,0.0,0.0,0,0,0.0,0,0,4.0
59394,4.0,0,0.0,0.0,0,5,0.0,0.0,4,0,0,0,0,0,0,0,0,0,0,0,0.0,0.0,0,0,0.0,0,0,0.0
59410,0.0,0,3.0,0.0,0,0,3.0,3.0,0,0,0,0,0,0,0,0,0,0,0,0,0.0,0.0,0,0,0.0,0,0,0.0
59479,0.0,5,0.0,0.0,0,0,3.0,0.0,0,0,0,0,0,0,0,0,0,0,0,0,0.0,0.0,0,0,0.0,0,0,0.0
59524,0.0,0,5.0,0.0,0,0,4.0,5.0,0,0,0,0,0,0,0,0,0,0,0,0,0.0,0.0,0,0,0.0,0,0,0.0
59540,0.0,0,5.0,0.0,0,0,4.0,3.0,0,0,0,0,0,0,0,0,0,0,0,0,0.0,0.0,0,0,0.0,0,0,0.0
59746,0.0,0,0.0,0.0,0,5,5.0,4.0,0,0,0,0,0,0,0,0,0,0,0,0,0.0,0.0,0,0,0.0,0,0,0.0
60293,0.0,0,5.0,0.0,0,0,5.0,5.0,0,0,0,0,0,0,0,0,0,0,0,0,0.0,0.0,0,0,0.0,0,0,0.0
60764,0.0,0,5.0,0.0,0,0,0.0,0.0,0,0,0,0,0,0,0,0,0,0,0,0,0.0,0.0,0,0,0.0,0,0,0.0
60799,4.0,4,4.0,0.0,4,0,4.0,0.0,0,0,0,0,0,0,0,0,0,0,0,0,0.0,0.0,0,0,0.0,0,0,0.0
61111,0.0,4,2.0,0.0,0,0,0.0,2.0,0,0,0,0,0,0,0,0,0,0,0,0,0.0,0.0,0,0,0.0,0,0,0.0
61139,0.0,0,5.0,0.0,0,0,5.0,5.0,0,0,0,0,0,0,0,0,0,0,0,0,0.0,0.0,0,0,0.0,0,0,0.0
61171,0.0,0,0.0,0.0,0,0,0.0,4.0,0,0,0,0,0,0,0,0,0,0,0,0,0.0,0.0,0,0,0.0,0,0,0.0
61174,0.0,3,4.0,0.0,0,0,4.0,3.0,0,0,0,0,0,0,0,0,0,0,0,0,0.0,0.0,0,0,0.0,0,0,0.0
61182,0.0,0,4.0,0.0,0,0,4.0,0.0,0,0,0,0,0,0,0,0,0,0,0,0,0.0,0.0,0,0,0.0,0,0,0.0
61212,1.0,0,0.0,0.0,0,0,4.0,0.0,0,5,0,0,0,0,0,0,0,0,0,0,0.0,0.0,0,0,0.0,0,0,0.0
61253,0.0,0,5.0,0.0,0,0,5.0,0.0,0,0,0,0,0,0,0,0,0,0,0,0,0.0,0.0,0,0,0.0,0,0,0.0
61308,3.0,0,4.0,0.0,0,0,5.0,0.0,0,0,0,0,0,0,0,0,0,0,0,0,0.0,0.0,0,0,0.0,0,0,0.0
61329,0.0,0,5.0,0.0,0,0,5.0,5.0,0,0,0,0,0,0,0,0,0,0,0,0,0.0,0.0,0,0,0.0,0,0,0.0
61455,0.0,0,5.0,0.0,0,0,4.0,5.0,0,0,0,0,0,0,0,0,0,0,0,0,0.0,0.0,0,0,0.0,0,0,0.0
61942,0.0,0,5.0,0.0,0,0,0.0,5.0,0,0,0,0,0,0,0,0,0,0,0,0,0.0,0.0,0,0,0.0,0,0,0.0
61952,2.0,0,0.0,3.0,0,0,0.0,4.0,0,0,0,0,0,0,0,0,0,0,0,0,0.0,0.0,0,0,0.0,0,0,0.0
62036,0.0,4,0.0,0.0,5,0,4.0,0.0,0,0,0,0,0,0,0,0,0,0,0,0,0.0,0.0,0,0,0.0,0,0,0.0
62235,3.0,4,0.0,0.0,0,0,0.0,0.0,4,0,0,0,0,0,0,0,0,0,0,0,0.0,0.0,0,0,0.0,0,0,0.0
62252,0.0,0,5.0,0.0,0,0,0.0,4.0,0,0,0,0,0,0,0,0,0,0,0,0,0.0,0.0,0,0,0.0,0,0,0.0
62376,0.0,4,5.0,0.0,0,0,5.0,0.0,0,0,0,0,0,0,0,0,0,0,0,0,0.0,0.0,0,0,0.0,0,0,0.0
62503,1.0,0,0.0,0.0,0,3,4.0,0.0,0,0,0,0,0,0,0,0,0,0,0,0,0.0,0.0,0,0,0.0,0,0,0.0
62661,0.0,0,1.0,0.0,0,0,0.0,0.0,0,5,0,0,0,0,0,0,0,0,0,0,0.0,0.0,0,0,0.0,0,0,0.0
62791,3.0,0,0.0,4.0,4,0,0.0,0.0,0,0,0,0,0,0,0,0,0,0,0,0,0.0,0.0,0,0,0.0,0,0,0.0
62793,0.0,0,5.0,0.0,0,0,4.0,3.0,0,0,0,0,0,0,0,0,0,0,0,0,0.0,0.0,0,0,0.0,0,0,0.0
62902,0.0,3,5.0,0.0,0,0,5.0,0.0,0,0,0,0,0,0,0,0,0,0,0,0,0.0,0.0,0,0,0.0,0,0,0.0
63124,0.0,0,3.0,0.0,0,0,4.0,0.0,0,0,0,0,0,0,0,0,0,0,0,0,0.0,0.0,0,0,0.0,0,0,0.0
63138,0.0,0,4.333333333333333,0.0,0,0,4.5,5.0,0,0,0,0,0,0,0,0,0,0,0,0,0.0,0.0,0,0,0.0,0,0,0.0
63252,0.0,0,5.0,0.0,0,0,0.0,3.0,0,0,0,0,0,0,0,0,0,0,0,0,0.0,0.0,0,0,0.0,0,0,0.0
63677,0.0,5,0.0,0.0,0,0,5.0,5.0,0,0,0,0,0,0,0,0,0,0,0,0,0.0,0.0,0,0,0.0,0,0,0.0
63786,0.0,0,3.6666666666666665,0.0,0,0,5.0,3.0,0,0,0,0,0,0,0,0,0,0,0,0,0.0,0.0,0,0,0.0,0,0,0.0
64240,5.0,0,0.0,0.0,0,0,0.0,0.0,0,0,0,0,0,0,0,0,0,0,0,0,3.0,0.0,0,0,0.0,0,0,0.0
64308,0.0,0,0.0,0.0,0,0,4.0,4.0,3,0,0,0,0,0,0,0,0,0,0,0,0.0,0.0,0,0,0.0,0,0,0.0
64481,0.0,1,0.0,4.0,0,0,0.0,0.0,0,0,0,0,0,0,0,0,0,0,0,0,0.0,0.0,0,0,0.0,0,0,0.0
64541,0.0,5,4.0,4.0,0,0,0.0,0.0,0,0,0,0,0,0,0,0,0,0,0,0,0.0,0.0,0,0,0.0,0,0,0.0
64839,0.0,0,5.0,0.0,0,0,4.0,0.0,0,0,0,0,0,0,0,0,0,0,0,0,0.0,0.0,0,0,0.0,0,0,0.0
65297,0.0,0,1.0,0.0,0,0,4.0,0.0,0,0,0,0,0,0,0,0,0,0,0,0,0.0,0.0,0,0,0.0,0,0,0.0
65466,0.0,0,0.0,0.0,0,0,5.0,3.0,0,0,0,0,0,0,0,0,0,0,0,0,0.0,0.0,0,0,0.0,0,0,0.0
65568,0.0,4,5.0,0.0,0,0,5.0,0.0,0,0,0,0,0,0,0,0,0,0,0,0,0.0,0.0,0,0,0.0,0,0,0.0
65810,0.0,0,5.0,0.0,0,0,0.0,5.0,0,0,0,0,0,0,0,0,0,0,0,0,0.0,0.0,0,0,0.0,0,0,0.0
65892,0.0,0,5.0,0.0,0,0,5.0,5.0,0,0,0,0,0,0,0,0,0,0,0,0,0.0,0.0,0,0,0.0,0,0,0.0
66378,0.0,0,0.0,3.0,4,0,0.0,0.0,5,4,0,0,0,0,0,0,0,0,0,0,0.0,0.0,0,0,0.0,0,0,0.0
66393,0.0,0,5.0,0.0,0,0,5.0,0.0,0,0,0,0,0,0,0,0,0,0,0,0,0.0,0.0,0,0,0.0,0,0,0.0
66653,3.0,0,0.0,0.0,0,0,3.0,3.0,0,0,0,0,0,0,0,0,0,0,0,0,0.0,0.0,0,0,0.0,0,0,0.0
66690,0.0,0,0.0,0.0,0,0,5.0,5.0,0,0,0,0,0,0,0,0,0,0,0,0,0.0,0.0,0,0,0.0,0,0,0.0
66779,0.0,0,0.0,0.0,0,0,2.0,0.0,0,0,0,0,0,0,0,0,0,0,0,0,0.0,0.0,0,0,0.0,0,0,0.0
66803,0.0,0,5.0,4.0,0,0,5.0,0.0,0,0,0,0,0,0,0,0,0,0,0,0,0.0,0.0,0,0,0.0,0,0,0.0
66941,0.0,0,5.0,0.0,0,0,5.0,0.0,0,0,0,0,0,0,0,0,0,0,0,0,0.0,0.0,0,0,0.0,0,0,0.0
67101,0.0,0,0.0,3.0,4,0,3.0,4.0,0,5,0,0,0,0,0,0,0,0,0,0,0.0,0.0,0,0,0.0,0,0,0.0
67141,3.0,4,4.0,0.0,0,0,0.0,0.0,0,0,0,0,0,0,0,0,0,0,0,0,0.0,0.0,0,0,0.0,0,0,0.0
67147,0.0,0,0.0,0.0,0,0,5.0,0.0,0,0,0,0,0,0,0,0,0,0,0,0,0.0,0.0,0,0,0.0,0,0,0.0
67227,2.0,0,0.0,0.0,0,0,5.0,1.0,0,0,0,0,0,0,0,0,0,0,0,0,0.0,0.0,0,0,0.0,0,0,0.0
67244,0.0,5,4.0,0.0,0,0,5.0,5.0,0,5,0,0,0,0,0,0,0,0,0,0,0.0,0.0,0,0,0.0,0,0,0.0
67281,0.0,0,5.0,0.0,0,0,5.0,5.0,0,0,0,0,0,0,0,0,0,0,0,0,0.0,0.0,0,0,0.0,0,0,0.0
67450,0.0,0,0.0,0.0,0,0,3.0,3.0,0,0,0,0,0,0,0,0,0,0,0,0,0.0,0.0,0,0,0.0,0,0,0.0
67551,0.0,0,0.0,0.0,5,0,0.0,0.0,0,0,0,0,0,0,0,0,0,0,0,0,0.0,0.0,0,0,0.0,0,0,0.0
67768,0.0,5,4.0,0.0,3,0,0.0,0.0,0,0,0,0,0,0,0,0,0,0,0,0,0.0,0.0,0,0,0.0,0,0,0.0
67952,0.0,0,4.0,0.0,0,0,5.0,0.0,0,0,0,0,0,0,0,0,0,0,0,0,0.0,0.0,0,0,0.0,0,0,0.0
68233,0.0,0,0.0,0.0,0,0,0.0,0.0,0,0,0,0,0,0,0,0,0,0,0,0,0.0,0.0,0,0,0.0,0,0,0.0
68257,2.0,0,4.0,0.0,0,0,0.0,0.0,0,1,0,0,0,0,0,0,0,0,0,0,0.0,0.0,0,0,0.0,0,0,0.0
68735,0.0,0,0.0,0.0,4,0,0.0,0.0,0,0,0,0,0,0,0,0,0,0,0,0,0.0,0.0,0,0,0.0,0,0,0.0
68765,0.0,0,0.0,0.0,0,0,0.0,0.0,0,0,5,0,0,5,0,4,0,0,0,0,0.0,0.0,0,0,0.0,0,0,5.0
68908,0.0,4,0.0,0.0,0,0,0.0,3.0,0,0,0,0,0,0,0,0,0,0,0,0,0.0,0.0,0,0,0.0,0,0,0.0
69114,0.0,0,5.0,0.0,0,0,0.0,1.0,0,0,0,0,0,0,0,0,0,0,0,0,0.0,0.0,0,0,0.0,0,0,0.0
69257,0.0,0,3.0,0.0,0,0,3.0,0.0,0,0,0,0,0,0,0,0,0,0,0,0,0.0,0.0,0,0,0.0,0,0,0.0
69456,0.0,5,0.0,0.0,0,0,5.0,0.0,0,0,0,0,0,0,0,0,0,0,0,0,0.0,0.0,0,0,0.0,0,0,0.0
69523,0.0,0,5.0,4.0,0,0,3.0,3.0,0,0,0,0,0,0,0,0,0,0,0,0,0.0,0.0,0,0,0.0,0,0,0.0
69551,0.0,0,5.0,5.0,0,0,0.0,0.0,0,0,0,0,0,0,0,0,0,0,0,0,0.0,0.0,0,0,0.0,0,0,0.0
69674,0.0,0,4.0,0.0,0,0,5.0,0.0,0,0,0,0,0,0,0,0,0,0,0,0,0.0,0.0,0,0,0.0,0,0,0.0
69693,0.0,0,5.0,0.0,0,0,3.0,4.0,0,0,0,0,0,0,0,0,0,0,0,0,0.0,0.0,0,0,0.0,0,0,0.0
69770,0.0,4,1.0,0.0,0,0,0.0,0.0,0,0,0,0,0,0,0,0,0,0,0,0,0.0,0.0,0,0,0.0,0,0,0.0
69799,0.0,0,3.0,0.0,0,0,4.0,4.0,0,0,0,0,0,0,0,0,0,0,0,0,0.0,0.0,0,0,0.0,0,0,0.0
69871,0.0,0,5.0,0.0,0,5,5.0,5.0,0,0,0,0,0,0,0,0,0,0,0,0,0.0,0.0,0,0,0.0,0,0,0.0
70173,0.0,0,4.0,3.0,0,0,4.0,3.0,0,0,0,0,0,0,0,0,0,0,0,0,0.0,0.0,0,0,0.0,0,0,0.0
70222,0.0,0,5.0,0.0,0,0,2.0,0.0,0,0,0,0,0,0,0,0,0,0,0,0,0.0,0.0,0,0,0.0,0,5,0.0
70449,0.0,0,4.0,0.0,0,0,5.0,4.0,0,0,0,0,0,0,0,0,0,0,0,0,0.0,0.0,0,0,0.0,0,0,0.0
70639,0.0,0,4.0,4.0,0,0,3.0,0.0,0,0,0,0,0,0,0,0,0,0,0,0,0.0,0.0,0,0,0.0,0,0,0.0
70751,0.0,0,4.0,4.0,4,0,5.0,4.0,0,0,0,0,0,0,0,0,0,0,0,0,0.0,0.0,0,0,0.0,0,0,0.0
70940,0.0,0,4.0,0.0,0,0,3.0,4.0,0,0,0,0,0,0,0,0,0,0,0,0,0.0,0.0,0,0,0.0,0,0,0.0
71015,0.0,4,4.0,0.0,0,0,0.0,3.0,0,0,0,0,0,0,0,0,0,0,0,0,0.0,0.0,0,0,0.0,0,0,0.0
71154,0.0,0,0.0,0.0,0,5,5.0,4.0,0,0,0,0,0,0,0,0,0,0,0,0,0.0,0.0,0,0,0.0,0,0,0.0
71308,0.0,0,3.0,0.0,0,0,3.0,4.0,0,0,0,0,0,0,0,0,0,0,0,0,0.0,0.0,0,0,0.0,0,0,0.0
71716,0.0,0,0.0,5.0,0,0,0.0,0.0,0,0,0,0,0,0,0,0,0,0,0,0,0.0,0.0,0,0,0.0,0,0,0.0
71725,0.0,0,5.0,0.0,0,0,2.0,2.0,0,0,0,0,0,0,0,0,0,0,0,0,0.0,0.0,0,0,0.0,0,0,0.0
72202,0.0,0,5.0,0.0,4,0,0.0,0.0,0,0,0,0,0,0,0,0,0,0,0,0,0.0,0.0,0,0,0.0,0,0,0.0
72330,0.0,0,0.0,0.0,0,0,5.0,0.0,0,0,0,0,0,0,0,0,0,0,0,0,0.0,0.0,0,0,0.0,0,0,0.0
72420,5.0,0,0.0,2.0,0,0,0.0,0.0,0,0,0,0,0,0,0,0,0,0,0,0,0.0,0.0,0,0,0.0,0,0,0.0
72688,0.0,0,5.0,0.0,0,5,4.0,0.0,5,0,0,0,0,0,0,0,0,0,0,0,0.0,0.0,0,0,0.0,0,0,0.0
72697,0.0,0,5.0,0.0,0,0,0.0,0.0,0,5,5,0,0,4,0,0,0,0,0,0,0.0,0.0,0,0,0.0,0,0,0.0
72707,0.0,0,0.0,4.0,0,5,4.0,0.0,0,0,0,0,0,0,0,0,0,0,0,0,0.0,0.0,0,0,0.0,0,0,0.0
73044,0.0,0,5.0,0.0,0,5,5.0,5.0,0,0,0,0,0,0,0,0,0,0,0,0,0.0,0.0,0,0,0.0,0,0,0.0
73172,0.0,0,0.0,0.0,0,0,0.0,0.0,0,0,0,0,0,0,0,0,0,0,0,0,0.0,0.0,0,0,0.0,0,0,0.0
73509,0.0,0,4.0,0.0,0,0,5.0,5.0,0,0,0,0,0,0,0,0,0,0,0,0,0.0,0.0,0,0,0.0,0,0,0.0
73698,0.0,0,4.0,2.0,0,0,5.0,4.0,0,0,0,0,0,0,0,0,0,0,0,0,0.0,0.0,0,0,0.0,0,0,0.0
74422,0.0,0,3.0,0.0,0,4,5.0,4.0,0,0,0,0,0,0,0,0,0,0,0,0,0.0,0.0,0,0,0.0,0,0,0.0
74746,0.0,0,4.0,0.0,0,0,4.0,4.0,0,0,0,0,0,0,0,0,0,0,0,0,0.0,0.0,0,0,0.0,0,0,0.0
74826,0.0,0,0.0,0.0,0,0,4.0,0.0,0,0,0,0,0,0,0,0,0,0,0,0,0.0,0.0,0,0,0.0,0,0,0.0
74930,0.0,0,5.0,0.0,5,0,0.0,0.0,0,5,0,0,0,0,0,0,0,0,0,0,0.0,0.0,0,0,0.0,0,0,0.0
75105,0.0,0,5.0,0.0,3,0,0.0,0.0,0,0,0,0,0,0,0,0,0,0,0,0,0.0,0.0,0,0,0.0,0,0,0.0
75196,0.0,0,3.0,0.0,0,0,0.0,2.0,5,0,0,0,0,0,0,0,0,0,0,0,0.0,0.0,0,0,0.0,0,0,0.0
75270,0.0,0,5.0,0.0,0,4,0.0,4.0,0,0,0,0,0,0,0,0,0,0,0,0,0.0,0.0,0,0,0.0,0,0,0.0
75539,0.0,0,5.0,0.0,0,0,4.0,0.0,0,0,0,0,0,0,0,0,0,0,0,0,0.0,0.0,0,0,0.0,0,0,0.0
75708,5.0,0,0.0,0.0,0,0,4.0,5.0,0,0,0,0,0,0,0,0,0,0,0,0,0.0,0.0,0,0,0.0,0,0,0.0
75985,4.0,0,0.0,0.0,0,5,0.0,0.0,0,0,0,0,0,0,0,0,0,0,0,0,0.0,0.0,0,0,0.0,0,0,0.0
76106,0.0,0,5.0,0.0,0,0,0.0,4.0,0,5,0,0,0,0,0,0,0,0,0,0,0.0,0.0,0,0,0.0,0,0,0.0
76113,0.0,5,0.0,0.0,0,0,4.0,4.0,0,0,0,0,0,0,0,0,0,0,0,0,0.0,0.0,0,0,0.0,0,0,0.0
76646,0.0,0,0.0,3.0,0,0,0.0,4.0,0,0,0,0,0,0,0,0,0,0,0,0,0.0,0.0,0,0,0.0,0,0,0.0
76788,0.0,0,4.0,0.0,0,0,5.0,3.0,0,0,0,0,0,0,0,0,0,0,0,0,0.0,0.0,0,0,0.0,0,0,0.0
76965,3.0,0,4.0,0.0,4,0,0.0,0.0,0,0,0,0,0,0,0,0,0,0,0,0,0.0,0.0,0,0,0.0,0,0,0.0
77009,0.0,0,4.0,0.0,0,0,0.0,4.0,0,0,0,0,0,0,0,0,0,0,0,0,0.0,0.0,0,0,0.0,0,0,0.0
77328,0.0,0,5.0,0.0,0,0,5.0,3.0,0,0,0,0,0,0,0,0,0,0,0,0,0.0,0.0,0,0,0.0,0,0,0.0
77383,0.0,0,5.0,0.0,0,0,0.0,4.0,0,0,0,0,0,0,0,0,0,0,0,2,0.0,0.0,0,0,0.0,0,0,0.0
77639,0.0,0,4.0,0.0,4,0,0.0,0.0,0,0,0,0,0,0,0,0,0,0,0,0,0.0,0.0,0,0,0.0,0,0,0.0
77720,0.0,4,4.0,0.0,0,0,0.0,0.0,0,0,0,0,0,0,0,0,0,0,0,0,0.0,0.0,0,0,0.0,0,0,0.0
78026,0.0,0,5.0,0.0,0,0,4.0,0.0,0,0,0,0,0,0,0,0,0,0,0,0,0.0,0.0,0,0,0.0,0,0,0.0
78071,3.0,5,0.0,0.0,0,4,3.0,0.0,5,0,0,0,0,0,0,0,0,0,0,0,0.0,0.0,0,0,0.0,0,0,0.0
78554,0.0,0,5.0,0.0,4,0,0.0,5.0,0,0,0,0,0,0,0,0,0,0,0,0,0.0,0.0,0,0,0.0,0,0,0.0
78579,0.0,0,4.0,0.0,0,0,4.0,3.0,0,0,0,0,0,0,0,0,0,0,0,0,0.0,0.0,0,0,0.0,0,0,0.0
78625,1.0,0,2.0,0.0,3,0,2.0,0.0,0,0,0,0,0,0,0,0,0,0,0,0,0.0,0.0,0,0,0.0,0,0,0.0
79132,0.0,0,0.0,0.0,5,0,0.0,0.0,0,0,0,0,0,0,0,0,0,0,0,0,0.0,0.0,0,0,0.0,0,0,0.0
79154,0.0,0,0.0,0.0,5,0,5.0,5.0,0,0,0,0,0,0,0,0,0,0,0,0,0.0,0.0,0,0,0.0,0,0,0.0
79199,5.0,0,4.0,0.0,0,0,0.0,0.0,0,5,0,0,0,0,0,0,0,0,0,0,0.0,0.0,0,0,0.0,0,0,0.0
79569,0.0,0,0.0,0.0,0,0,4.0,4.0,0,0,0,0,0,0,0,0,0,0,0,0,0.0,0.0,0,0,0.0,0,0,0.0
79577,0.0,0,4.0,0.0,5,0,5.0,0.0,0,0,0,0,0,0,0,0,0,0,0,0,0.0,0.0,0,0,0.0,0,0,0.0
79692,0.0,0,3.0,0.0,0,0,0.0,4.0,0,0,0,0,0,0,0,0,0,0,0,0,0.0,0.0,0,0,0.0,0,0,0.0
79752,0.0,0,4.0,0.0,0,3,5.0,5.0,0,0,0,0,0,0,0,0,0,0,0,0,0.0,0.0,0,0,0.0,0,0,0.0
79754,0.0,0,2.0,0.0,0,0,5.0,5.0,0,0,0,0,0,0,0,0,0,0,0,0,0.0,0.0,0,0,0.0,0,0,0.0
79787,0.0,0,5.0,0.0,0,0,4.0,0.0,0,0,0,0,0,0,0,0,0,0,0,0,0.0,0.0,0,0,0.0,0,0,0.0
79934,0.0,2,4.0,3.0,0,0,0.0,3.0,0,0,0,0,0,0,0,0,0,0,0,0,0.0,0.0,0,0,0.0,0,0,0.0
80002,0.0,4,0.0,0.0,0,4,4.0,0.0,0,0,0,0,0,0,0,0,0,0,0,0,0.0,0.0,0,0,0.0,0,0,0.0
80057,0.0,0,0.0,0.0,5,0,0.0,0.0,0,0,0,0,0,0,0,0,0,0,0,0,0.0,0.0,0,0,0.0,0,0,0.0
80079,1.0,0,3.0,0.0,0,0,3.0,3.0,0,0,0,0,0,0,0,0,0,0,0,0,0.0,0.0,0,0,0.0,0,0,0.0
80299,0.0,0,4.0,0.0,4,0,5.0,0.0,0,0,0,0,0,0,0,0,0,0,0,0,0.0,0.0,0,0,0.0,3,0,0.0
80497,0.0,4,0.0,0.0,0,4,0.0,0.0,0,0,0,0,0,0,0,0,0,0,0,0,0.0,0.0,0,0,0.0,0,0,0.0
80667,0.0,0,5.0,0.0,0,0,5.0,0.0,0,5,0,0,0,0,0,0,0,0,0,0,0.0,0.0,0,0,0.0,0,0,0.0
80687,0.0,0,5.0,0.0,0,0,1.0,0.0,0,5,0,0,0,0,0,0,0,0,0,0,0.0,0.0,0,0,0.0,0,0,0.0
80722,0.0,0,4.0,0.0,0,0,4.0,4.0,0,0,0,0,0,0,0,0,0,0,0,0,0.0,0.0,0,0,0.0,0,0,0.0
80919,0.0,0,0.0,0.0,4,2,0.0,0.0,0,0,0,0,0,0,0,0,0,0,0,0,0.0,0.0,0,0,0.0,0,0,0.0
81091,0.0,0,4.0,0.0,0,0,1.0,0.0,0,0,0,0,0,0,0,0,0,0,0,0,0.0,0.0,0,0,0.0,0,0,0.0
81102,0.0,0,0.0,0.0,0,0,0.0,5.0,0,0,0,0,0,0,0,0,0,0,0,0,0.0,0.0,0,0,0.0,0,0,0.0
81112,0.0,0,5.0,0.0,0,4,5.0,2.0,0,0,0,0,0,0,0,0,0,0,0,0,0.0,0.0,0,0,0.0,0,0,0.0
81287,0.0,0,0.0,4.0,0,0,0.0,0.0,0,0,0,0,0,0,0,0,0,0,0,0,0.0,0.0,0,0,3.5,0,0,0.0
81293,0.0,0,5.0,0.0,5,0,0.0,0.0,0,0,0,0,0,0,0,0,0,0,0,0,0.0,0.0,0,0,0.0,0,0,0.0
81650,0.0,0,3.0,0.0,0,0,4.0,3.0,0,0,0,0,0,0,0,0,0,0,0,0,0.0,0.0,0,0,0.0,0,0,0.0
81678,0.0,0,5.0,0.0,0,0,5.0,3.0,0,0,0,0,0,0,0,0,0,0,0,0,0.0,0.0,0,0,0.0,0,0,0.0
81929,0.0,0,5.0,0.0,0,0,5.0,0.0,0,0,0,0,0,0,0,0,0,0,0,0,0.0,0.0,0,0,0.0,0,0,0.0
82028,0.0,0,0.0,0.0,0,0,0.0,0.0,0,0,0,3,0,0,0,0,0,0,0,0,0.0,0.0,0,0,0.0,0,0,0.0
82114,1.0,0,0.0,0.0,0,0,5.0,5.0,0,0,0,0,0,0,0,0,0,0,0,0,0.0,0.0,0,0,0.0,0,0,0.0
82541,0.0,0,5.0,0.0,0,0,4.0,0.0,0,0,0,0,0,0,0,0,0,0,0,0,0.0,0.0,0,0,0.0,0,0,0.0
82554,0.0,0,5.0,0.0,0,0,5.0,5.0,0,0,0,0,0,0,0,0,0,0,0,0,0.0,0.0,0,0,0.0,0,0,0.0
82612,0.0,5,0.0,0.0,4,0,0.0,0.0,0,0,0,0,0,0,0,0,0,0,0,0,0.0,0.0,0,0,0.0,0,0,0.0
82636,0.0,0,0.0,0.0,0,0,5.0,0.0,3,0,0,0,0,0,0,0,0,0,0,0,0.0,0.0,0,0,0.0,0,0,0.0
82738,0.0,0,5.0,0.0,0,0,0.0,4.0,0,5,0,0,0,0,0,0,0,0,0,0,0.0,0.0,0,0,0.0,0,0,0.0
82823,0.0,5,0.0,0.0,0,0,5.0,5.0,0,0,0,0,0,0,0,0,0,0,0,0,0.0,0.0,0,0,0.0,0,0,0.0
82857,0.0,5,0.0,0.0,0,0,5.0,0.0,0,0,0,0,0,0,0,0,0,0,0,0,0.0,0.0,0,0,0.0,0,0,0.0
82954,4.0,0,0.0,0.0,0,4,4.0,0.0,0,0,0,0,0,0,0,0,0,0,0,0,0.0,0.0,0,0,0.0,0,0,0.0
82987,0.0,0,5.0,0.0,0,0,5.0,0.0,0,5,0,0,0,0,0,0,0,0,0,0,0.0,0.0,0,0,0.0,0,0,0.0
83146,0.0,0,5.0,0.0,0,0,0.0,4.0,0,0,0,0,0,0,0,0,0,0,0,0,0.0,0.0,0,0,0.0,0,0,0.0
83171,0.0,0,5.0,0.0,0,0,0.0,0.0,0,5,0,0,0,0,0,0,0,0,0,0,0.0,0.0,0,0,0.0,0,0,0.0
83301,0.0,0,5.0,0.0,0,4,0.0,0.0,5,0,0,0,0,0,0,0,0,0,0,0,0.0,0.0,0,0,0.0,0,0,0.0
83324,0.0,0,1.0,0.0,0,0,0.0,5.0,0,5,0,0,0,0,0,0,0,0,0,0,3.0,0.0,0,0,0.0,0,0,0.0
83348,0.0,0,0.0,5.0,0,0,4.0,0.0,0,0,0,0,0,0,0,0,0,0,0,0,0.0,0.0,0,0,0.0,0,0,0.0
83593,0.0,0,4.0,0.0,0,0,4.0,2.0,0,0,0,0,0,0,0,0,0,0,0,0,0.0,0.0,0,0,0.0,0,0,0.0
83785,0.0,0,5.0,0.0,0,5,1.0,0.0,0,0,0,0,0,0,0,0,0,0,0,0,0.0,0.0,0,0,0.0,0,0,0.0
84591,0.0,0,0.0,0.0,0,0,4.0,3.0,0,0,0,0,0,0,0,0,0,0,0,0,0.0,0.0,0,0,0.0,0,0,0.0
84606,0.0,0,0.0,0.0,0,0,4.0,4.0,0,0,0,0,0,0,0,0,0,0,0,0,0.0,0.0,0,0,0.0,0,0,0.0
84880,0.0,0,0.0,0.0,0,0,4.0,0.0,0,5,0,0,0,0,0,0,0,0,0,0,0.0,0.0,0,0,0.0,0,0,0.0
85203,0.0,0,3.0,0.0,0,0,0.0,0.0,0,4,0,0,0,0,0,0,0,0,0,0,0.0,0.0,0,0,0.0,0,0,0.0
85217,0.0,0,5.0,0.0,0,0,4.0,0.0,0,0,0,0,0,0,0,0,0,0,0,0,0.0,0.0,0,0,0.0,0,0,0.0
85225,0.0,0,0.0,0.0,0,0,0.0,0.0,0,0,0,0,0,0,0,0,0,0,0,0,0.0,0.0,0,0,0.0,0,0,0.0
85422,0.0,0,0.0,0.0,4,5,0.0,4.0,0,0,0,0,0,0,0,0,0,0,0,0,0.0,0.0,0,0,0.0,0,0,0.0
85847,0.0,0,4.5,0.0,0,3,0.0,3.0,0,0,0,0,0,0,0,0,0,0,0,0,0.0,0.0,0,0,0.0,0,0,0.0
86054,0.0,0,5.0,0.0,0,0,5.0,5.0,0,0,0,0,0,0,0,0,0,0,0,0,0.0,0.0,0,0,0.0,0,0,0.0
86332,0.0,0,4.0,1.0,0,0,0.0,0.0,0,0,0,0,0,0,0,0,0,0,0,0,0.0,0.0,0,0,0.0,0,0,0.0
86348,0.0,2,5.0,0.0,0,0,0.0,4.0,0,0,0,0,0,0,0,0,0,0,0,0,0.0,0.0,0,0,0.0,0,0,0.0
86368,0.0,5,4.0,0.0,0,0,0.0,0.0,4,0,0,0,0,0,0,0,0,0,0,0,0.0,0.0,0,0,0.0,0,0,0.0
86580,0.0,0,5.0,0.0,0,3,0.0,0.0,5,0,0,0,0,0,0,0,0,0,0,0,0.0,0.0,0,0,0.0,0,0,0.0
86722,1.0,0,5.0,0.0,0,0,0.0,0.0,0,0,0,0,0,0,0,0,0,0,0,0,0.0,0.0,0,0,0.0,0,0,0.0
86747,4.0,0,4.333333333333333,0.0,0,0,3.0,0.0,0,0,0,0,0,0,0,0,0,0,0,0,0.0,0.0,0,0,0.0,0,0,0.0
87015,0.0,0,5.0,0.0,0,0,5.0,4.0,0,0,0,0,0,0,0,0,0,0,0,0,0.0,0.0,0,0,0.0,0,0,0.0
87023,5.0,0,0.0,0.0,0,0,0.0,5.0,0,0,0,0,0,0,0,0,0,0,0,0,0.0,3.5,0,0,0.0,0,0,0.0
87044,5.0,0,0.0,0.0,0,0,0.0,0.0,0,0,5,0,4,0,0,0,0,0,0,0,0.0,0.0,0,0,0.0,0,0,0.0
87177,0.0,0,0.0,0.0,0,0,0.0,0.0,0,0,0,0,0,0,0,0,0,0,0,0,0.0,0.0,0,0,0.0,0,0,0.0
87260,0.0,0,5.0,0.0,0,0,0.0,4.0,0,0,0,0,0,0,0,0,0,0,0,0,0.0,0.0,0,0,0.0,0,0,0.0
87387,0.0,0,0.0,0.0,0,0,0.0,0.0,0,0,5,4,0,5,0,2,0,0,0,0,0.0,0.0,0,0,0.0,0,0,0.0
87680,0.0,0,4.0,0.0,0,0,0.0,0.0,0,0,0,0,0,0,0,0,0,0,0,0,0.0,0.0,0,0,0.0,0,0,0.0
87962,3.0,0,0.0,0.0,0,5,0.0,0.0,0,0,0,0,0,0,0,0,0,0,0,0,0.0,0.0,0,0,0.0,0,0,0.0
88159,0.0,0,4.0,0.0,0,0,2.0,3.0,0,0,0,0,0,0,0,0,0,0,0,0,0.0,0.0,0,0,0.0,0,0,0.0
88164,0.0,0,5.0,3.0,0,0,4.0,0.0,0,0,0,0,0,0,0,0,0,0,0,0,0.0,0.0,0,0,0.0,0,0,0.0
88170,2.5,0,4.0,0.0,3,0,0.0,0.0,0,0,0,0,0,0,0,0,0,0,0,0,0.0,0.0,0,0,0.0,0,0,0.0
